Floor,Walls,Ceiling,Cabinets,Laundry URL
SmoothOakHighNoon,Birch,Birch,Bullet,https://static.wixstatic.com/media/15e926_b06554353a334ea8bd880b4b1f7ac698~mv2.jpg
SmoothOakHighNoon,Birch,Birch,GreenSlate,https://static.wixstatic.com/media/15e926_1d56fddd9a6a47f193b6df2be6bfd09f~mv2.jpg
SmoothOakHighNoon,Birch,Birch,White,https://static.wixstatic.com/media/15e926_f7d6d1f9e1154aaf8f012cf5041e728d~mv2.jpg
SmoothOakHighNoon,Gib,Birch,Bullet,https://static.wixstatic.com/media/15e926_ec26d8a631b04376b0d631e4025d7442~mv2.jpg
SmoothOakHighNoon,Gib,Birch,GreenSlate,https://static.wixstatic.com/media/15e926_d1857097b54b4b0b8dfed9e99b6dd268~mv2.jpg
SmoothOakHighNoon,Gib,Birch,White,https://static.wixstatic.com/media/15e926_1298be0d203642f8905c587bbb7f2ebb~mv2.jpg
SmoothOakHighNoon,Gib,Redline,Bullet,https://static.wixstatic.com/media/15e926_a3ee52007c68427ca808ebef48b0c094~mv2.jpg
SmoothOakHighNoon,Gib,Redline,GreenSlate,https://static.wixstatic.com/media/15e926_50a3e9df83984541b1d001b89e9c3682~mv2.jpg
SmoothOakHighNoon,Gib,Redline,White,https://static.wixstatic.com/media/15e926_ef4a35f6fb834785b438088f7ed1dd52~mv2.jpg
SmoothOakHighNoon,Redline,Redline,Bullet,https://static.wixstatic.com/media/15e926_548a345585924522813330b4e51d0f3c~mv2.jpg
SmoothOakHighNoon,Redline,Redline,GreenSlate,https://static.wixstatic.com/media/15e926_2b025b1fed284199a097be1a67972495~mv2.jpg
SmoothOakHighNoon,Redline,Redline,White,https://static.wixstatic.com/media/15e926_cbb811030f1f4d13afcb8e74546411b1~mv2.jpg
SwissOakBern,Birch,Birch,Bullet,https://static.wixstatic.com/media/15e926_3b27381059914ec2960ec7d1a2e96143~mv2.jpg
SwissOakBern,Birch,Birch,GreenSlate,https://static.wixstatic.com/media/15e926_239ff0efdbba4de38b954fbe839129d4~mv2.jpg
SwissOakBern,Birch,Birch,White,https://static.wixstatic.com/media/15e926_5300df9414cb4aa9a7853c1619884e73~mv2.jpg
SwissOakBern,Gib,Birch,Bullet,https://static.wixstatic.com/media/15e926_063d1b339c124b83bc24f3efecd06c24~mv2.jpg
SwissOakBern,Gib,Birch,GreenSlate,https://static.wixstatic.com/media/15e926_cc04e298d11a48569ac1c4700a3fe774~mv2.jpg
SwissOakBern,Gib,Birch,White,https://static.wixstatic.com/media/15e926_2c1a1289eebc45b3bddfe27ce9fdfb34~mv2.jpg
SwissOakBern,Gib,Redline,Bullet,https://static.wixstatic.com/media/15e926_f08b944568a645b3bf4ffdc5f74be86e~mv2.jpg
SwissOakBern,Gib,Redline,GreenSlate,https://static.wixstatic.com/media/15e926_983a62eda91a4d70b1b5596bfbb71a99~mv2.jpg
SwissOakBern,Gib,Redline,White,https://static.wixstatic.com/media/15e926_8fbe89c22ce74016816f120599bc5807~mv2.jpg
SwissOakBern,Redline,Redline,Bullet,https://static.wixstatic.com/media/15e926_b80e007a653f47088f47d78b10b7871d~mv2.jpg
SwissOakBern,Redline,Redline,GreenSlate,https://static.wixstatic.com/media/15e926_23cc74f6ff864bacb413cfe8d4fcffe4~mv2.jpg
SwissOakBern,Redline,Redline,White,https://static.wixstatic.com/media/15e926_310a13dcdef84f97bb36b3b4ec5e1714~mv2.jpg
TurinOakSlackedOyster,Birch,Birch,Bullet,https://static.wixstatic.com/media/15e926_24f96fcd47f34a6286a16260f25c8e25~mv2.jpg
TurinOakSlackedOyster,Birch,Birch,GreenSlate,https://static.wixstatic.com/media/15e926_eaa8a50604714275ab977effc7544f78~mv2.jpg
TurinOakSlackedOyster,Birch,Birch,White,https://static.wixstatic.com/media/15e926_f1dedca97107469c9b80cfc3de486a1f~mv2.jpg
TurinOakSlackedOyster,Gib,Birch,Bullet,https://static.wixstatic.com/media/15e926_69dad84c800d42c0b2cb92248c59bf23~mv2.jpg
TurinOakSlackedOyster,Gib,Birch,GreenSlate,https://static.wixstatic.com/media/15e926_10865c7ed7964975a9f3736add162d9d~mv2.jpg
TurinOakSlackedOyster,Gib,Birch,White,https://static.wixstatic.com/media/15e926_fe397ddedc80405d8dd94f932d972a5e~mv2.jpg
TurinOakSlackedOyster,Gib,Redline,Bullet,https://static.wixstatic.com/media/15e926_cd85575ac3a94ed289d22f560d95ab98~mv2.jpg
TurinOakSlackedOyster,Gib,Redline,GreenSlate,https://static.wixstatic.com/media/15e926_0220fa190b9c48978f49fa75b1d7136a~mv2.jpg
TurinOakSlackedOyster,Gib,Redline,White,https://static.wixstatic.com/media/15e926_b37b8672b325405ba3ddc1cc5391c388~mv2.jpg
TurinOakSlackedOyster,Redline,Redline,Bullet,https://static.wixstatic.com/media/15e926_9fa9d1597f514fd1b57e324efa5fc477~mv2.jpg
TurinOakSlackedOyster,Redline,Redline,GreenSlate,https://static.wixstatic.com/media/15e926_ea92b5ec75164af69e57912879b1cb46~mv2.jpg
TurinOakSlackedOyster,Redline,Redline,White,https://static.wixstatic.com/media/15e926_044249bb9a594df0a0f4cf54e4b7b7ed~mv2.jpg