Floor,Walls,Ceiling,Cabinets,Wardrobe URL
SmoothOakHighNoon,Birch,Birch,Bullet,https://static.wixstatic.com/media/15e926_61cb49d3b50946aeb377c9e6a6d8599f~mv2.jpg
SmoothOakHighNoon,Birch,Birch,GreenSlate,https://static.wixstatic.com/media/15e926_31d37ae2929641978b6d9598f9ade261~mv2.jpg
SmoothOakHighNoon,Birch,Birch,White,https://static.wixstatic.com/media/15e926_4743463db30340809413d94a0701c6e4~mv2.jpg
SmoothOakHighNoon,Gib,Birch,Bullet,https://static.wixstatic.com/media/15e926_8ce8a40604114a15a305b052e709c09b~mv2.jpg
SmoothOakHighNoon,Gib,Birch,GreenSlate,https://static.wixstatic.com/media/15e926_2e4250585a6d41e693aa90fb8a3476f6~mv2.jpg
SmoothOakHighNoon,Gib,Birch,White,https://static.wixstatic.com/media/15e926_e67f6ccccecb4d08b9541c1a4a331a50~mv2.jpg
SmoothOakHighNoon,Gib,Redline,Bullet,https://static.wixstatic.com/media/15e926_5bf4137b244345e6a0acf47ddabb011b~mv2.jpg
SmoothOakHighNoon,Gib,Redline,GreenSlate,https://static.wixstatic.com/media/15e926_87c2777a20aa4ac194282f6601be7d82~mv2.jpg
SmoothOakHighNoon,Gib,Redline,White,https://static.wixstatic.com/media/15e926_8091bd63c26e4a0481a1531307da4f72~mv2.jpg
SmoothOakHighNoon,Redline,Redline,Bullet,https://static.wixstatic.com/media/15e926_2b6122b1085c4303b770b830b022d20f~mv2.jpg
SmoothOakHighNoon,Redline,Redline,GreenSlate,https://static.wixstatic.com/media/15e926_cc4f6be50b324b3195a8668ea61471fe~mv2.jpg
SmoothOakHighNoon,Redline,Redline,White,https://static.wixstatic.com/media/15e926_2512c02253a246f8b01ff79c8357fd69~mv2.jpg
SwissOakBern,Birch,Birch,Bullet,https://static.wixstatic.com/media/15e926_eccde7f722684c53b5667948382804a6~mv2.jpg
SwissOakBern,Birch,Birch,GreenSlate,https://static.wixstatic.com/media/15e926_4ae4403121b94731a321f6b4eaac2352~mv2.jpg
SwissOakBern,Birch,Birch,White,https://static.wixstatic.com/media/15e926_6102ab1407464251b7fa97023d285eab~mv2.jpg
SwissOakBern,Gib,Birch,Bullet,https://static.wixstatic.com/media/15e926_c9e2839e9f1c4773b24781e8be8c7772~mv2.jpg
SwissOakBern,Gib,Birch,GreenSlate,https://static.wixstatic.com/media/15e926_d3f2d4c95bcf4d2da67eb63bb1f0a099~mv2.jpg
SwissOakBern,Gib,Birch,White,https://static.wixstatic.com/media/15e926_d19e646fe52b4649a156132627333b0e~mv2.jpg
SwissOakBern,Gib,Redline,Bullet,https://static.wixstatic.com/media/15e926_06aea3ded12a4d1c8923f11209284702~mv2.jpg
SwissOakBern,Gib,Redline,GreenSlate,https://static.wixstatic.com/media/15e926_8bd13a3b47f2438cbda5d9c85ffa3403~mv2.jpg
SwissOakBern,Gib,Redline,White,https://static.wixstatic.com/media/15e926_72003a0a987740eca85cc77592bd5c46~mv2.jpg
SwissOakBern,Redline,Redline,Bullet,https://static.wixstatic.com/media/15e926_db0f6e811edb44dea1413ec9e184a363~mv2.jpg
SwissOakBern,Redline,Redline,GreenSlate,https://static.wixstatic.com/media/15e926_595ed90b498b4284ab23737a6d48f2b3~mv2.jpg
SwissOakBern,Redline,Redline,White,https://static.wixstatic.com/media/15e926_3d8635c0b4664288a9b631a8c23bbd77~mv2.jpg
TurinOakSlackedOyster,Birch,Birch,Bullet,https://static.wixstatic.com/media/15e926_5e35c87a875345ebba75b9dc0a620d50~mv2.jpg
TurinOakSlackedOyster,Birch,Birch,GreenSlate,https://static.wixstatic.com/media/15e926_42e768f888f7472590b1bb226c37d76a~mv2.jpg
TurinOakSlackedOyster,Birch,Birch,White,https://static.wixstatic.com/media/15e926_498e739ec74b4a83ad316bc18cbdf182~mv2.jpg
TurinOakSlackedOyster,Gib,Birch,Bullet,https://static.wixstatic.com/media/15e926_fb86dab09c754adf9e4a536acf025361~mv2.jpg
TurinOakSlackedOyster,Gib,Birch,GreenSlate,https://static.wixstatic.com/media/15e926_ef2e763675b040e18dee1f4e671c0986~mv2.jpg
TurinOakSlackedOyster,Gib,Birch,White,https://static.wixstatic.com/media/15e926_8871c624e84e461294c0a741c60ee2e3~mv2.jpg
TurinOakSlackedOyster,Gib,Redline,Bullet,https://static.wixstatic.com/media/15e926_92eb5a94776842b58e283bdef78edd30~mv2.jpg
TurinOakSlackedOyster,Gib,Redline,GreenSlate,https://static.wixstatic.com/media/15e926_84013e8c644d4dea9e1200da004c3462~mv2.jpg
TurinOakSlackedOyster,Gib,Redline,White,https://static.wixstatic.com/media/15e926_8d75854c60804dd6970292e9f647a688~mv2.jpg
TurinOakSlackedOyster,Redline,Redline,Bullet,https://static.wixstatic.com/media/15e926_1e5ecb216a254282bb0d04ac02850e93~mv2.jpg
TurinOakSlackedOyster,Redline,Redline,GreenSlate,https://static.wixstatic.com/media/15e926_e4b54f3af94b4f3fb66b3fc2954b7216~mv2.jpg
TurinOakSlackedOyster,Redline,Redline,White,https://static.wixstatic.com/media/15e926_94376c5ac8724901b2257a1526f4dff9~mv2.jpg