Floor,Walls,Ceiling,Cabinets,Interior URL
SmoothOakHighNoon,Gib,Blond-line,Bullet,https://static.wixstatic.com/media/15e926_1cef2b64ca624b38b89cf3a89d944a5d~mv2.jpg
SmoothOakHighNoon,Gib,Blond-line,GreenSlate,https://static.wixstatic.com/media/15e926_6b75b0c74bfc42bcbf40e52297432328~mv2.jpg
SmoothOakHighNoon,Gib,Blond-line,White,https://static.wixstatic.com/media/15e926_15b617f6f6dd4efeb530d04f220c4561~mv2.jpg
SmoothOakHighNoon,Gib,Red-line,Bullet,https://static.wixstatic.com/media/15e926_a4365d17e6bc4cd385f54ea04206263f~mv2.jpg
SmoothOakHighNoon,Gib,Red-line,GreenSlate,https://static.wixstatic.com/media/15e926_cf6c172e14c84b1583cce38822fa47b3~mv2.jpg
SmoothOakHighNoon,Gib,Red-line,White,https://static.wixstatic.com/media/15e926_e9437fe981fe44c9bad8ec698738f1f0~mv2.jpg
SmoothOakHighNoon,Blond-line,Blond-line,Bullet,https://static.wixstatic.com/media/15e926_1848cb446c554f1c8f73ac4c27c836f9~mv2.jpg
SmoothOakHighNoon,Blond-line,Blond-line,GreenSlate,https://static.wixstatic.com/media/15e926_f0ef9d6e974d40e2b9659e17a65ed897~mv2.jpg
SmoothOakHighNoon,Blond-line,Blond-line,White,https://static.wixstatic.com/media/15e926_0bb9f8af5f51491799fbdb11aae5374b~mv2.jpg
SmoothOakHighNoon,Red-line,Red-line,Bullet,https://static.wixstatic.com/media/15e926_e8e471e5e55c40e59054e15d3e18c57a~mv2.jpg
SmoothOakHighNoon,Red-line,Red-line,GreenSlate,https://static.wixstatic.com/media/15e926_a336118d92b641d59e92870924004158~mv2.jpg
SmoothOakHighNoon,Red-line,Red-line,White,https://static.wixstatic.com/media/15e926_e32b8df29a1d43e28c1f29e1e32b3ac9~mv2.jpg
SwissOakBern,Gib,Blond-line,Bullet,https://static.wixstatic.com/media/15e926_975e551e3cdf4effbb87fdaf3503186c~mv2.jpg
SwissOakBern,Gib,Blond-line,GreenSlate,https://static.wixstatic.com/media/15e926_3fceafa21f634bbeb309888c579ac86d~mv2.jpg
SwissOakBern,Gib,Blond-line,White,https://static.wixstatic.com/media/15e926_a35d5409c6e1493498cc466c958760ab~mv2.jpg
SwissOakBern,Gib,Red-line,Bullet,https://static.wixstatic.com/media/15e926_1f1c484c4d384bb1af56cd2327ad3a2d~mv2.jpg
SwissOakBern,Gib,Red-line,GreenSlate,https://static.wixstatic.com/media/15e926_a149d87bc1424c95a4e022c703c2ec04~mv2.jpg
SwissOakBern,Gib,Red-line,White,https://static.wixstatic.com/media/15e926_d70dc0e07fb54297976e467cfbc5fd6b~mv2.jpg
SwissOakBern,Blond-line,Blond-line,Bullet,https://static.wixstatic.com/media/15e926_e13862bfb400461c83382021d50aea0b~mv2.jpg
SwissOakBern,Blond-line,Blond-line,GreenSlate,https://static.wixstatic.com/media/15e926_2b685d166e944c1a974d74c624138f76~mv2.jpg
SwissOakBern,Blond-line,Blond-line,White,https://static.wixstatic.com/media/15e926_90fd0132ff9346da83d7a64ae35a56ad~mv2.jpg
SwissOakBern,Red-line,Red-line,Bullet,https://static.wixstatic.com/media/15e926_63aa0f872e5147d78dab12f889eab4b3~mv2.jpg
SwissOakBern,Red-line,Red-line,GreenSlate,https://static.wixstatic.com/media/15e926_890c1b15b47544b98e1b75662a0ba322~mv2.jpg
SwissOakBern,Red-line,Red-line,White,https://static.wixstatic.com/media/15e926_5c9568fe204a4ce5bfe9087b58597167~mv2.jpg
TurinOakSlackedOyster,Gib,Blond-line,Bullet,https://static.wixstatic.com/media/15e926_cd0ff44b0b37423ca0d37bbbcc53fcab~mv2.jpg
TurinOakSlackedOyster,Gib,Blond-line,GreenSlate,https://static.wixstatic.com/media/15e926_1d9ff5774dc444c7b56c7091de4f85d4~mv2.jpg
TurinOakSlackedOyster,Gib,Blond-line,White,https://static.wixstatic.com/media/15e926_b80224169ae0418a903f231c3993bad5~mv2.jpg
TurinOakSlackedOyster,Gib,Red-line,Bullet,https://static.wixstatic.com/media/15e926_c25344f4e4b04529bf67fc40bf6f773d~mv2.jpg
TurinOakSlackedOyster,Gib,Red-line,GreenSlate,https://static.wixstatic.com/media/15e926_855aceaea8634c9fafbd9132a46741c8~mv2.jpg
TurinOakSlackedOyster,Gib,Red-line,White,https://static.wixstatic.com/media/15e926_845b7c842385409ea8c634d6bcb5f391~mv2.jpg
TurinOakSlackedOyster,Blond-line,Blond-line,Bullet,https://static.wixstatic.com/media/15e926_0968becfc25a413ca3d71f2dfd36bcd4~mv2.jpg
TurinOakSlackedOyster,Blond-line,Blond-line,GreenSlate,https://static.wixstatic.com/media/15e926_3a3378d8722f449e98700d4477b0d53f~mv2.jpg
TurinOakSlackedOyster,Blond-line,Blond-line,White,https://static.wixstatic.com/media/15e926_4f18c315510740ee8c504db697ae0b4a~mv2.jpg
TurinOakSlackedOyster,Red-line,Red-line,Bullet,https://static.wixstatic.com/media/15e926_83fde770bf37401fb18ca87dab01267c~mv2.jpg
TurinOakSlackedOyster,Red-line,Red-line,GreenSlate,https://static.wixstatic.com/media/15e926_57ef2a8dc6424f429d63bb95318ca5ec~mv2.jpg
TurinOakSlackedOyster,Red-line,Red-line,White,https://static.wixstatic.com/media/15e926_90b1de56b9784b8e8ba4217166fd31a9~mv2.jpg